,Player,Twitter
1,Kareem Abdul-Jabbar,kaj33
2,Quincy Acy,QuincyAcy
3,Jaylen Adams,10jadams
4,Jordan Adams,jordanadams1231
5,Steven Adams,RealStevenAdams
6,Bam Adebayo,Bam1of1
7,Jeff Adrien,Adrien4
8,Maurice Ager,moeager
9,Furkan Aldemir,furkanaldemir19
10,Cole Aldrich,colea45
11,LaMarcus Aldridge,aldridge_12
12,Rawle Alkins,Iam_RawleAlkins
13,Grayson Allen,GraysonJAllen
14,Jarrett Allen,JarrettAllen55
15,Malik Allen,THEleekAllen30
16,Ray Allen,greenRAYn20
17,Tony Allen,aa000G9
18,Morris Almond,FreeMoAlmond
19,John Amaechi,JohnAmaechi
20,Al-Farouq Aminu,farouq1
21,Lou Amundson,LouAmundson17
22,Alan Anderson,ASqared06
23,Justin Anderson,JusAnderson1
24,Kenny Anderson,chibbs_1
25,Kyle Anderson,KyleAnderson5
26,Braian Angola-Rodas,Angola2411
27,Ike Anigbogu,IkePostrs_
28,Giannis Antetokounmpo,Giannis_An34
29,Kostas Antetokounmpo,Kostas_ante13
30,Carmelo Anthony,carmeloanthony
31,Greg Anthony,GregAnthony50
32,OG Anunoby,OAnunoby
33,Robert Archibald,RobertArchibald
34,Gilbert Arenas,agentzeroshow
35,Trevor Ariza,TrevorAriza
36,Jamel Artis,melartis1
37,Omer Asik,AsikOmer
38,Gustavo Ayon,Gustavo_Ayon15
39,Deandre Ayton,DeandreAyton
40,Kelenna Azubuike,KAzubuike7
41,Jordan Bachynski,BLOCKchynski
42,Dwayne Bacon,BaconDwayne1000
43,Marvin Bagley,MB3FIVE
44,Ron Baker,RonBaker31
45,Wade Baldwin,The_Fourth_Wade
46,Renaldo Balkman,R_Balkman32
47,Lonzo Ball,ZO2_
48,Leandro Barbosa,TheBlurBarbosa
49,J.J. Barea,jjbareapr
50,Andrea Bargnani,AndreaBargnani
51,Harrison Barnes,HBarnes
52,Matt Barnes,Matt_Barnes22
53,Earl Barron,earldee
54,Brent Barry,Barryathree
55,Will Barton,WillTheThrillB5
56,Shane Battier,ShaneBattier
57,Nicolas Batum,nicolas88batum
58,Jerryd Bayless,jerrydbayless
59,Kent Bazemore,24Bazemore
60,Bradley Beal,RealDealBeal23
61,Malik Beasley,Mbeasy5
62,Michael Beasley,easyst0
63,Beau Beech,beaubeech02
64,Marco Belinelli,marcobelinelli
65,Charlie Bell,flintstone14
66,Jordan Bell,1jordanbell
67,Troy Bell,TroyBellS2P
68,Dragan Bender,DBender03
69,Jonathan Bender,jonathanbender9
70,Anthony Bennett,AnthonyBennett
71,Keith Benson,RealKITO
72,Joel Berry,JoelBerryII
73,Davis Bertans,DBertans_42
74,Patrick Beverley,patbev21
75,Chauncey Billups,1MrBigShot
76,James Blackmon,jblackmon2
77,DeJuan Blair,DeJuan45
78,Steve Blake,SteveBlake5
79,Antonio Blakeney,blakeney96
80,Andray Blatche,drayblatche
81,Eric Bledsoe,EBled2
82,Jaron Blossomgame,JaronBgame
83,Vander Blue,veezy_SQ
84,Trevon Bluiett,TrevonBluiett
85,Bogdan Bogdanovic,LeaderOfHorde
86,Muggsy Bogues,MuggsyBogues
87,Andrew Bogut,andrewbogut
88,Jonah Bolden,Jonahbolden43
89,Matt Bonner,MattBonner_SAS
90,Devin Booker,DevinBook
91,Trevor Booker,35_Fitz
92,Carlos Boozer,MisterCbooz
93,Chris Bosh,chrisbosh
94,Chris Boucher,chrisboucher
95,Bruce Bowen,Bowen12
96,Ryan Bowen,rybo40
97,Craig Brackins,Cbrackins_33
98,Tony Bradley,ToBrad1
99,Taylor Braun,taylorbraun2324
100,Corey Brewer,TheCoreyBrewer
101,Ronnie Brewer,RonnieBrewerJr
102,Primoz Brezec,Primozbrezec
103,Miles Bridges,MilesBridges
104,Amida Brimah,amidabrimah
105,Isaiah Briscoe,ZayBriscoe
106,Jon Brockman,MrJonBrockman
107,Ryan Broekhoff,RBroekhoff45
108,Aaron Brooks,Thirty2zero
109,Dillon Brooks,dbrookz8
110,MarShon Brooks,Marshon2
111,Alec Brown,AlecBrown21
112,Anthony Brown,TwoShotOne
113,Bobby Brown,BBROWNLAU
114,Bruce Brown,BruceBrown11
115,Dee Brown,deebrown11
116,Derrick Brown,D_Brown4
117,Jabari Brown,Bari_BrownIDF
118,Jaylen Brown,FCHWPO
119,Markel Brown,iMarkelBrown22
120,Troy Brown,Troy_Brown33
121,Jalen Brunson,jalenbrunson1
122,Kobe Bryant,kobebryant
123,Thomas Bryant,nolimittb31
124,Chase Budinger,CBudinger
125,Reggie Bullock,ReggieBullock35
126,Trey Burke,TreyBurke
127,Alec Burks,AlecBurks10
128,Antonio Burks,antonioburks
129,Caron Butler,realtuffjuice
130,Jimmy Butler,JimmyButler
131,Rasual Butler,RasualButler45
132,Dwight Buycks,BuycksWorld13
133,Bruno Caboclo,Bruno_Caboclo
134,Michael Cage,Exhoopsmc
135,Nick Calathes,Nick_Calathes15
136,Kentavious Caldwell-Pope,CaldwellPope
137,Marcus Camby,MarcusCamby23
138,Isaiah Canaan,SiP03
139,Clint Capela,CapelaClint
140,Derrick Caracter,RebuildCaracter
141,Brian Cardinal,BrianCardinal
142,Antoine Carr,AntoineCarr55
143,DeMarre Carroll,DeMarreCarroll1
144,Vince Carter,mrvincecarter15
145,Wendell Carter,wendellcarter34
146,Michael Carter-Williams,MCW1
147,Omri Casspi,Casspi18
148,Willie Cauley-Stein,THEwillieCS15
149,Troy Caupain,caupain10
150,Tyler Cavanaugh,tycav34
151,Cedric Ceballos,cedceballos
152,Mario Chalmers,mchalmers15
153,Tyson Chandler,tysonchandler
154,Wilson Chandler,wilsonchandler
155,Josh Childress,JChillin
156,Marquese Chriss,quese
157,Dionte Christmas,Dchristmas22
158,Rakeem Christmas,R_Xmas25
159,Semaj Christon,SemajChriston
160,Ian Clark,IanClark
161,Jordan Clarkson,JordanClarksons
162,Gian Clavell,clavelito04
163,Victor Claver,Victor_Claver
164,Speedy Claxton,speeddeamon
165,Mateen Cleaves,Mateen_Cleaves
166,Antonius Cleveland,ac_uno1
167,Derrick Coleman,44TheLegend
168,Jarron Collins,jarronctwin
169,John Collins,jcollins20_
170,Sherron Collins,SHERRONCOLLINS4
171,Zach Collins,zcollins_33
172,Kyle Collinsworth,bigrussia5
173,Darren Collison,Darren_Collison
174,Nick Collison,nickcollison4
175,Mike Conley,mconley11
176,Will Conroy,CHILLCONROY
177,Daequan Cook,DC4Three
178,Charles Cooke,c4_cooke
179,Jack Cooley,JackCooligan45
180,Michael Cooper,ShowtimeCooper
181,DeMarcus Cousins,boogiecousins
182,Robert Covington,Holla_At_Rob33
183,Allen Crabbe,allencrabbe
184,Torrey Craig,TCraig_23
185,Drew Crawford,TheRealDrewski1
186,Jamal Crawford,JCrossover
187,Joe Crawford,JoeCrawford5
188,Jordan Crawford,jcraw55
189,Austin Croshere,AustinCroshere
190,Jae Crowder,CJC9BOSS
191,Dante Cunningham,DlamarC33
192,Jared Cunningham,J1Flight
193,Eddy Curry,Eddy_Curry
194,Seth Curry,sdotcurry
195,Stephen Curry,StephenCurry30
196,Nemanja Dangubic,DangubicNemanja
197,DeAndre Daniels,D_Daniels2
198,Marquis Daniels,Marquis_Daniels
199,Troy Daniels,troydaniels
200,Luigi Datome,GigiDatome
201,Anthony Davis,AntDavis23
202,Baron Davis,BaronDavis
203,Deyonta Davis,deyontadavis23
204,Ed Davis,eddavisXVII
205,Glen Davis,iambigbaby11
206,Andre Dawkins,dre_dawkins
207,Austin Daye,Adaye5
208,Dewayne Dedmon,d_dedmon3
209,Sam Dekker,dekker
210,Vinny Del Negro,VinnyDHoops
211,Malcolm Delaney,foe23
212,Carlos Delfino,cabezadelfino
213,Angel Delgado,AngelDelgado
214,Matthew Dellavedova,matthewdelly
215,Luol Deng,LuolDeng9
216,Marcus Denmon,MizzouMonster12
217,DeMar DeRozan,DeMar_DeRozan
218,Hamidou Diallo,hamidoudiallo
219,Boris Diaw,theborisdiaw
220,Dani Diez de la Faya,danidiez11
221,Spencer Dinwiddie,SDinwiddie_25
222,DeSagana Diop,sagana7
223,Tyler Dorsey,TDORSEY_1
224,Damyean Dotson,staytuned21
225,Zabian Dowdell,zayrd1
226,Milton Doyle,MDLU35
227,PJ Dozier,Dozier_Kid
228,Goran Dragic,Goran_Dragic
229,Andre Drummond,AndreDrummond
230,Jared Dudley,JaredDudley619
231,Kris Dunn,KrisDunn3
232,Ronald Dupree,RDupree12
233,Kevin Durant,KDTrey5
234,Cleanthony Early,Clearly_BallLyf
235,Devin Ebanks,DevinEbanks3
236,Henry Ellenson,HenryEllenson13
237,Wayne Ellington,WayneElli22
238,Joel Embiid,JoelEmbiid
239,Kim English,Englishscope24
240,Tyler Ennis,TylerEnnis
241,Jacob Evans,JacobEvans_1
242,Jawun Evans,j3vans1_
243,Jeremy Evans,JeremyEvans40
244,Keenan Evans,K3vans12
245,Reggie Evans,ReggieEvans30
246,Tyreke Evans,TyrekeEvans
247,Patrick Ewing,pewingjr6
248,Dante Exum,daanteee
249,Christian Eyenga,christeyenga31
250,Kenneth Faried,KennethFaried35
251,Derrick Favors,dfavors14
252,Carrick Felix,C_Felix0
253,Raymond Felton,RFeltonGBMS
254,Terrance Ferguson,the2kferguson
255,Rudy Fernandez,rudy5fernandez
256,Yogi Ferrell,YogiFerrell11
257,Landry Fields,landryfields
258,Michael Finley,MichaelFinley
259,Dorian Finney-Smith,doefinney_10
260,Derek Fisher,derekfisher
261,T.J. Ford,tj_ford
262,Evan Fournier,EvanFourmizz
263,De'Aaron Fox,swipathefox
264,Randy Foye,randyfoye
265,Adonal Foyle,afoyle3131
266,Steve Francis,SteveFranchise3
267,Melvin Frazier,melvinjrrr
268,Tim Frazier,Timfraz23
269,Walt Frazier,WaltFrazier
270,Jimmer Fredette,jimmerfredette
271,Channing Frye,Channing_Frye
272,Markelle Fultz,MarkelleF
273,Wenyen Gabriel,WenyenGabriel
274,Dan Gadzuric,DGadzuric
275,Danilo Gallinari,gallinari8888
276,Langston Galloway,LangGalloway10
277,Patricio Garino,patitogarino
278,Diante Garrett,kingarrett10
279,Marc Gasol,MarcGasol
280,Pau Gasol,paugasol
281,Rudy Gay,RudyGay8
282,Alonzo Gee,GeeAlonzo
283,Paul George,Yg_Trece
284,Marcus Georges-Hunt,GTMGH3
285,Daniel Gibson,BooBysWorld1
286,Taj Gibson,TajGibson22
287,J.R. Giddens,JGidd4
288,Harry Giles,HGizzle1
289,Shai Gilgeous-Alexander,shaiglalex
290,Kendall Gill,kendallg13
291,Artis Gilmore,ArtisGilmore53
292,Manu Ginobili,manuginobili
293,Rudy Gobert,rudygobert27
294,Ryan Gomes,GotGomes
295,Drew Gooden,DrewGooden
296,Archie Goodwin,A1Laflare10
297,Aaron Gordon,Double0AG
298,Eric Gordon,TheofficialEG10
299,Marcin Gortat,MGortat
300,Devonte' Graham,Devonte4Graham
301,Danny Granger,dgranger33
302,Brian Grant,bwgrant
303,Jerami Grant,JeramiGrant
304,Jerian Grant,JerianGrant
305,Josh Gray,ThatsJoshGray
306,Rob Gray,iRob_G
307,A.C. Green,NBA_Ironman
308,Danny Green,DGreen_14
309,Draymond Green,Money23Green
310,Garlon Green,G650G
311,JaMychal Green,Jmyke1
312,Jeff Green,unclejeffgreen
313,Donte Greene,dontegreeneCOS
314,Blake Griffin,blakegriffin23
315,Taylor Griffin,tgriff32
316,Hamed Haddadi,HamedHaddadi15
317,Isaac Hamilton,Isaacham_10
318,Johnny Hamilton,johnny_tall
319,Jordan Hamilton,J_Goin_HAM
320,Justin Hamilton,Justin__41
321,Richard Hamilton,ripcityhamilton
322,Ben Hansbrough,bhans23
323,Tyler Hansbrough,THANS50
324,Travis Hansen,travishansen24
325,Anfernee Hardaway,Iam1Cent
326,Tim Hardaway,TimHardawayFDN
327,James Harden,JHarden13
328,Maurice Harkless,moe_harkless
329,Justin Harper,Tru_Harp32
330,Matt Harpring,mharpring15
331,Montrezl Harrell,MONSTATREZZ
332,Josh Harrellson,BigJorts55
333,Al Harrington,cheddahcheese7
334,Elias Harris,EliasJMHarris
335,Gary Harris,thats_G_
336,Joe Harris,
337,Manny Harris,313MannyHarris
338,Mike Harris,TheRealMH33
339,Terrel Harris,T_Harris87
340,Tobias Harris,tobias31
341,Andrew Harrison,DrewRoc5
342,Josh Hart,joshhart
343,Isaiah Hartenstein,Ipjh55
344,Tyler Harvey,YoungTRaaw
345,Udonis Haslem,ThisIsUD
346,Spencer Hawes,spencerhawes00
347,Chuck Hayes,c_hayes44
348,Nigel Hayes,NIGEL_HAYES
349,Gordon Hayward,gordonhayward
350,Spencer Haywood,SpencerHaywood
351,Gerald Henderson,GhJr09
352,Terry Henderson,t_henny3
353,Myke Henry,mykehenry20
354,Juan Hernangomez,juanchohg14
355,Willy Hernangomez,willyhg94
356,Chris Herren,c_herren
357,Kevin Hervey,kherv_25
358,Mario Hezonja,MarioHezonja
359,Buddy Hield,buddyhield
360,Cory Higgins,chiggins11
361,Nene Hilario,NeneHilario42
362,George Hill,George_Hill3
363,Grant Hill,realgranthill33
364,Darington Hobson,ParkaySmooth
365,Julius Hodge,Follow24Hodge
366,Fred Hoiberg,ISUMayor32
367,Aaron Holiday,The_4th_Holiday
368,Jrue Holiday,Jrue_Holiday11
369,Justin Holiday,JustHolla7
370,John Holland,Jholland_23
371,Ryan Hollins,TheRyanHollins
372,Rondae Hollis-Jefferson,RondaeHJ24
373,Richaun Holmes,Rich_Holmes22
374,Tyler Honeycutt,thoneycutt23
375,Al Horford,Al_Horford
376,Dennis Horner,DHorner31
377,Keith Hornsby,KHornsby4
378,Robert Horry,RKHorry
379,Allan Houston,ALLAN_HOUSTON
380,Dwight Howard,DwightHoward
381,Lester Hudson,Lester26Hudson
382,Kevin Huerter,KevinHuerter
383,Josh Huestis,jhuestis
384,Robbie Hummel,RobbieHummel
385,Kris Humphries,KrisHumphries
386,Chandler Hutchison,CmoHutchison
387,Serge Ibaka,sergeibaka_7
388,Andre Iguodala,andre
389,Joe Ingles,Joeingles7
390,Damien Inglis,DamienINGLIS
391,Brandon Ingram,B_Ingram13
392,Kyrie Irving,KyrieIrving
393,Jonathan Isaac,jisaac_01
394,Allen Iverson,alleniverson
395,Royal Ivey,ROYALTIVEY
396,Wesley Iwundu,_Iwundu25
397,Jarrett Jack,Jarrettjack03
398,Bobby Jackson,TheBobbyJackson
399,Darnell Jackson,DBlock_Official
400,Frank Jackson,FWJackson15
401,Jaren Jackson,jarenjacksonjr
402,Josh Jackson,j_josh11
403,Justin Jackson,JJacks_44
404,Mark Jackson,MarkJackson13
405,Reggie Jackson,Reggie_Jackson
406,Stephen Jackson,DaTrillStak5
407,Bernard James,BernardJame5
408,Damion James,KONJames10
409,LeBron James,KingJames
410,Mike James,mikejames7
411,Othyus Jeffers,OthyusTheGreat
412,Amile Jefferson,AmileJefferson
413,Cory Jefferson,CoryJay34
414,John Jenkins,JohnnyCashVU23
415,Jonas Jerebko,JonasJerebko
416,Eugene Jeter,PoohJeter
417,Alize Johnson,AlizeJohnson
418,Amir Johnson,IamAmirJohnson
419,Armon Johnson,AJALLDAY1
420,Dakari Johnson,DakariJohnson
421,Eddie Johnson,Jumpshot8
422,JaJuan Johnson,JaJuanJohnson
423,James Johnson,IamJJ3
424,Joe Johnson,TheJoeJohnson7
425,Kevin Johnson,KJ_MayorJohnson
426,Magic Johnson,MagicJohnson
427,Orlando Johnson,OrlandoVJohnson
428,Reggie Johnson,Regg_42
429,Stanley Johnson,iAmSJ
430,Tyler Johnson,RealTJohnson
431,Darius Johnson-Odom,KingMe_DJ1
432,Peter Jok,Jok_City14
433,Nikola Jokic,NJokic15
434,Dahntay Jones,dahntay1
435,Damian Jones,dameology
438,Derrick Jones,TheRea1DJones
439,Matt Jones,matt13jones_
440,Perry Jones,Perry_Jones1
441,Terrence Jones,TerrenceJones1
442,Tyus Jones,1Tyus
443,DeAndre Jordan,DeAndre
444,Cory Joseph,Cory_Joe
445,Kris Joseph,RealKrisJo
446,Chris Kaman,ChrisKaman
447,Frank Kaminsky,FSKPart3
448,Enes Kanter,Enes_Kanter
449,Ilkan Karaman,ilknkrmn
450,Ryan Kelly,RyanKelly34
451,Greg Kelser,gkelser32
452,Luke Kennard,LukeKennard5
453,Steve Kerr,SteveKerr
454,Jason Kidd,RealJasonKidd
455,Michael Kidd-Gilchrist,MKG14
456,Sean Kilpatrick,SeanKilpatrick
457,Kevin Knox,KevKnox
458,Kyle Korver,KyleKorver
459,Kosta Koufos,kostakoufos
460,Arnoldas Kulboka,kulboka98
461,Rodions Kurucs,RODIONS1
462,Kyle Kuzma,kylekuzma
463,Mindaugas Kuzminskas,MKuzminskas
464,Skal Labissiere,OneBigHaitian
465,Cady Lalanne,Lac_25
466,Doron Lamb,DLamb20
467,Terry Larrier,_TL22
468,Joffrey Lauvergne,1JOLOLO
469,Zach LaVine,ZachLaVine
470,Ty Lawson,TyLawson3
471,Jake Layman,JLayman10
472,T.J. Leaf,leafsquad22
473,Ricky Ledo,REALRICKLEDO1
474,Courtney Lee,CourtneyLee2211
475,David Lee,Dlee042
476,Alex Len,alexlen
477,Kawhi Leonard,kawhileonard
478,Meyers Leonard,MeyersLeonard11
479,Travis Leslie,FlightLeslie23
480,Mathias Lessort,ThiasLsf
481,Caris LeVert,CarisLeVert
482,DeAndre Liggins,Dreliggs34
483,Damian Lillard,Dame_Lillard
484,Jeremy Lin,JLin7
485,Sergio Llull,23Llull
486,Zach Lofton,ZachLofton
487,Kevon Looney,Loon_Rebel5
488,Robin Lopez,rolopez42
489,Kevin Love,kevinlove
490,Kyle Lowry,Klow7
491,Jordan Loyd,jloyd_3
492,John Lucas III,Luke1luk
493,Timothe Luwawu-Cabarrot,timcabs
494,Tyler Lydon,Tyler_Lydon14
495,Trey Lyles,TreyLyles
496,Scott Machado,_ScottMachado
497,Shelvin Mack,ShelvinMack
498,Vernon Macklin,vernon_macklin
499,Daryl Macon,_dmacon4
500,J.P. Macura,jpmacura
501,Mark Madsen,madsen_mark
502,Corey Maggette,Corey_Maggette
503,Ian Mahinmi,ianmahinmi
504,Dan Majerle,DanMajerle
505,Thon Maker,ThonMaker14
506,Karl Malone,TheDeliverer_32
507,Danny Manning,coachdmanning
508,Devyn Marble,DevMarble
509,Stephon Marbury,StarburyMarbury
510,Shawn Marion,matrix31
511,Lauri Markkanen,MarkkanenLauri
512,Donyell Marshall,Dmarsh42
513,Kendall Marshall,KButter5
514,Cartier Martin,CartierMartin
515,Jarell Martin,MartinJarell
516,Kenyon Martin,KenyonMartinSr
517,Jamal Mashburn,jamalmashburn
518,Frank Mason,FrankMason0
519,Roger Mason,MoneyMase
520,Jordan Mathews,JordanMathews22
521,Mangok Mathiang,M_Mango32
522,Wesley Matthews,WessyWes23
523,Jason Maxiell,JasonMaxiell
524,Vernon Maxwell,vernonmaxwell11
525,Sean May,BigMay42
526,Eric Maynor,EMaynor3
527,Luc Mbah a Moute,mbahamoute
528,James Michael McAdoo,jamesmcadoo
529,Tahjere McCall,215tahj
530,Ray McCallum,RayMac3
531,Patrick McCaw,PMcCaw0
532,CJ McCollum,CJMcCollum
533,T.J. McConnell,TJMcConnell
534,Brandon McCoy,Mccoy_blvd
535,K.J. McDaniels,KJMcDaniels
536,Doug McDermott,dougmcdermott
537,Hank McDowell,Skinnypalmer
538,Mitch McGary,mitchmcgary
539,JaVale McGee,JaValeMcGee34
540,Tracy McGrady,Real_T_Mac
541,Jim McIlvaine,JimMcIlvaine
542,Kevin McKenna,coachkmc3
543,Trey McKinney-Jones,TreyMJ04
544,Jordan McLaughlin,itsmclaughlin11
545,Ben McLemore,BenMcLemore
546,Jerel McNeal,jerel_mcneal
547,Jordan McRae,JordyMac52
548,Jodie Meeks,Jmeeks20
549,Kennedy Meeks,asapmeeks03
550,Salah Mejri,50Mejri
551,De'Anthony Melton,DeAnthonyMelton
552,Jordan Mickey,Jmickey_02
553,Khris Middleton,Khris22m
554,C.J. Miles,masfresco
555,Mike Miller,MikeMiller_13
556,Quincy Miller,qmillertime
557,Reggie Miller,ReggieMillerTNT
558,Patty Mills,Patty_Mills
559,Paul Millsap,Paulmillsap4
560,Shake Milton,SniperShake
561,Nikola Milutinov,NMilutinov
562,Yao Ming,YaoMing
563,Nikola Mirotic,threekola
564,Donovan Mitchell,spidadmitchell
567,Naz Mitrou-Long,NazzyJML
568,Nazr Mohammed,NazrMohammed
569,Malik Monk,AhmadMonk
570,Greg Monroe,M10OSE
571,Ben Moore,JaminTheFiend
572,E'Twaun Moore,ETwaun55
573,Yannis Morin,YannisMorin
574,Darius Morris,dariusmorris4
575,Marcus Morris,MookMorris2
576,Markieff Morris,Keefmorris
577,Monte Morris,MonteMorris11
578,Anthony Morrow,MrAnthonyMorrow
579,Donatas Motiejunas,DonatasMot
580,Arnett Moultrie,amoultrie
581,Emmanuel Mudiay,emmanuelmudiay
582,Shabazz Muhammad,ShabazzMuhammad
583,Xavier Munford,xaviermunford
584,Kamari Murphy,21__louie
585,Kevin Murphy,KMurph_55
586,Dejounte Murray,DejounteMurray
587,Jamal Murray,BeMore27
588,Tracy Murray,RealTracyMurray
589,Toure' Murry,toure_murry
590,Dzanan Musa,DzananM13
591,Dikembe Mutombo,officialmutombo
592,Sviatoslav Mykhailiuk,Sviat_10
593,Hamady N'Diaye,H55ndiaye
594,Bostjan Nachbar,BokiNachbar
595,Larry Nance,Larrydn22
596,Shabazz Napier,ShabazzNapier
597,Steve Nash,SteveNash
598,Jameer Nelson,jameernelson
599,Andrew Nicholson,nicholaf44
600,Joakim Noah,JoakimNoah
601,Andres Nocioni,SoyElChapu
602,Nerlens Noel,NerlensNoel3
603,Dirk Nowitzki,swish41
604,Frank Ntilikina,FrankLikina
605,James Nunnally,AllorNunn21
606,Jusuf Nurkic,bosnianbeast27
607,David Nwaba,dnwaba0
608,Patrick O'Bryant,13POB13
609,Jermaine O'Neal,jermaineoneal
610,Shaquille O'Neal,SHAQ
611,Royce O'Neale,BucketsONeale00
612,Kyle O'Quinn,Kyle_OQuinn
613,Charles Oakley,CharlesOakley34
614,Fabricio Oberto,obricio7
615,Lamar Odom,RealLamarOdom
616,Semi Ojeleye,Semi
617,Emeka Okafor,BigMek50
618,Jahlil Okafor,JahlilOkafor
619,EÍÅlie Okobo,ElieOkobo_0
620,Josh Okogie,CallMe_NonStop
621,Mehmet Okur,MehmetOkur13
622,Victor Oladipo,VicOladipo
623,Kelly Olynyk,KellyOlynyk
624,Arinze Onuaku,arinze_onuaku
625,Daniel Orton,danielorton21
626,Cedi Osman,cediosman
627,Kelly Oubre,KELLYOUBREJR
628,Zaza Pachulia,zaza27
629,Georgios Papagiannis,G_P_06
630,Jannero Pargo,jpargo1
631,Anthony Parker,_AnthonyParker
632,Jabari Parker,JabariParker
633,Tony Parker,tonyparker
634,Chandler Parsons,ChandlerParsons
635,Lamar Patterson,LP21_
636,Patrick Patterson,pdpatt
637,Justin Patton,JustinPatton17
638,Chris Paul,CP3
639,Adreian Payne,Adreian_Payne
640,Cameron Payne,campayne
641,Elfrid Payton,elfrid
642,Gary Payton,GaryPayton_20
643,L.J. Peak,ljpeak1
644,Norvel Pelle,NorvelPelle05
645,Kendrick Perkins,KendrickPerkins
646,London Perrantes,London_Tyus
647,Alec Peters,petersalec
648,Morris Peterson,mopete24
649,Luke Petrasek,Luke_Petrasek
650,Paul Pierce,paulpierce34
651,Mickael Pietrus,MickaelPietrus
652,Theo Pinson,tpinsonn
653,Scottie Pippen,ScottiePippen
654,Marshall Plumlee,marshallplumlee
655,Miles Plumlee,milesplumlee13
656,Sir'Dominic Pointer,Sirdom1
657,Kendall Pollard,__KP
658,Quincy Pondexter,QuincyPondexter
659,Michael Porter,MPJr
660,Bobby Portis,BPortistime
661,Kristaps Porzingis,kporzee
662,Leon Powe,Leon_Powe
663,Dwight Powell,DwightPowell33
664,Josh Powell,JP21Reasons
665,Norman Powell,npowell2404
666,Phil Pressey,philpressey
667,A.J. Price,realAJPrice
668,Pablo Prigioni,PPrigioni9
669,Laron Profit,Profit4eva
670,Jacob Pullen,Jpullz0
671,Rodney Purvis,Gpurvooo
672,Tim Quarterman,TimQuarterman1
673,Ivan Rabb,YoungIvee
674,Chasson Randle,ChassonRandle
675,Julius Randle,J30_RANDLE
676,Anthony Randolph,TheARandolph
677,Zach Randolph,MacBo50
678,Xavier Rathan-Mayes,xrm_22
679,Theo Ratliff,shotblocker42
680,J.J. Redick,JJRedick
681,Davon Reed,ClutchREED_5
682,Glen Rice,glenrice41
683,Jason Richardson,jrich23
684,Josh Richardson,J_Rich1
685,Malachi Richardson,KingMali23
686,Quentin Richardson,QRich
687,Mitch Richmond,MitchRichmond23
688,Austin Rivers,AustinRivers25
689,Andre Roberson,FlyDre21
690,David Robinson,DavidtheAdmiral
691,Devin Robinson,drobbb3
692,Glenn Robinson,GRIII
693,Nate Robinson,nate_robinson
694,Thomas Robinson,Trobinson0
695,Dennis Rodman,dennisrodman
696,Sergio Rodriguez,SergioRodriguez
697,Rajon Rondo,RajonRondo
698,Derrick Rose,drose
699,Jalen Rose,jalenrose
700,Terrence Ross,T_DotFlight31
701,Terry Rozier,T_Rozzay3
702,Ricky Rubio,rickyrubio9
703,Brandon Rush,BRush_25
704,Kareem Rush,kareemrush
705,Bryon Russell,BRuss3
706,D'Angelo Russell,Dloading
707,Domantas Sabonis,Dsabonis11
708,Robert Sacre,Bobby_Sacre
709,John Salley,thejohnsalley
710,Larry Sanders,l8show_thegoat
711,Dario Saric,dariosaric
712,Tomas Satoransky,satoransky
713,Brian Scalabrine,Scalabrine
714,Detlef Schrempf,Dschrempf
715,Dennis Schroder,DennisMike93
716,Luis Scola,LScola4
717,Dennis Scott,3Deezy
718,Mike Scott,mikescott
719,Thabo Sefolosha,ThaboSefolosha
720,Jeremy Senglin,jsenglin_30
721,Kevin Seraphin,kslife7
722,Collin Sexton,CollinYoungBull
723,Landry Shamet,landryshamet
724,Tornike Shengelia,TokoShengelia23
725,Iman Shumpert,imanshumpert
726,Pascal Siakam,pskills43
727,Garret Siler,Big_G_21
728,Ben Simmons,BenSimmons25
729,Bobby Simmons,bobbysimmons21
730,Jonathon Simmons,ThaRealJsimms
731,Anfernee Simons,AnferneeSimons
732,Henry Sims,H_Sims14
733,Kyle Singler,KyleSingler
734,Sean Singletary,SeanSingletary
735,Chris Singleton,C_SING31
736,Peyton Siva,PeypeySiva3
737,Tamar Slay,slay9
738,Donald Sloan,dsloan15
739,Marcus Smart,smart_MS3
740,Craig Smith,Csmeezy1
741,Dennis Smith,Dennis1SmithJr
742,Greg Smith,Ju_Smith4
743,Ish Smith,ishsmith
744,J.R. Smith,TheRealJRSmith
745,Jason Smith,JasonSmith014
746,Jerry Smith,JSmith_8
747,Joe Smith,JoeBeast95
748,Kenny Smith,TheJetOnTNT
749,Nolan Smith,NdotSmitty
750,Sam Smith,SamSmithHoops
751,Steve Smith,steve21smith
752,Tony Smith,AnalystTSmith34
753,Zach Smith,SuperDuperZach
754,Zhaire Smith,zhaire_smith
755,Marreese Speights,Mospeights16
756,Tiago Splitter,tiagosplitter
757,Larry Spriggs,spriggy35
758,Jerry Stackhouse,jerrystackhouse
759,Terence Stansbury,360StatueofLibe
760,John Starks,StarksTheDunk
761,Nik Stauskas,NStauskas11
762,Lance Stephenson,StephensonLance
763,Greg Stiemsma,gregstiemsma
764,David Stockton,dstockton32
765,Jarnell Stokes,JarnellStokes
766,Amar'e Stoudemire,Amareisreal
767,Jared Sullinger,Jared_Sully0
768,Edmond Sumner,EdmondSumner
769,Caleb Swanigan,calebswanigan50
770,Wally Szczerbiak,wallyball
771,Chris Taft,BlessedTaft
772,Jayson Tatum,jaytatum0
773,Edy Tavares,waltertavares22
774,Jermaine Taylor,jtaylor8ball
775,Tyshawn Taylor,tyshawntaylor
776,Jeff Teague,Teague0
777,Marquis Teague,marquisteague25
778,Sebastian Telfair,BassyS31T
779,Garrett Temple,GTemp14
780,Emanuel Terry,EmanuelTerry08
781,Jason Terry,jasonterry31
782,Hasheem Thabeet,HasheemTheDream
783,Xavier Thames,Xthames2
784,Daniel Theis,dtheis10
785,Adonis Thomas,AllDayThomas
786,Isaiah Thomas,Isaiah_Thomas
787,Isiah Thomas,iamisiahthomas
788,Jason Thompson,jtthekid
789,Klay Thompson,KlayThompson
790,Mychel Thompson,MychelThompson
791,Tristan Thompson,RealTristan13
792,Al Thornton,AThornton14
793,Marcus Thornton,OfficialMT23
795,Sindarius Thornwell,Sin_City_803
796,Jamaal Tinsley,jatinsley
797,Mike Tobey,miketobey10
798,J.P. Tokoto,AirPierreTokoto
799,Anthony Tolliver,ATolliver44
800,Karl-Anthony Towns,KarlTowns
801,Melo Trimble,_STAYMELO
802,Alando Tucker,DoeTuck
803,Hedo Turkoglu,hidoturkoglu15
804,Evan Turner,thekidet
805,Myles Turner,Original_Turner
806,Jeremy Tyler,jeremytyler3
807,Ekpe Udoh,EkpeUdoh
808,Beno Udrih,BenoUdrih1
809,Jarrod Uthoff,Mr_Uthoff
810,Jonas Valanciunas,JValanciunas
811,Denzel Valentine,denzelvalentine
812,Jarred Vanderbilt,JVando
813,Fred VanVleet,FredVanVleet
814,Anderson Varejao,VAREJAOANDERSON
815,Jarvis Varnado,RealSwat32
816,Greivis Vasquez,greivisvasquez
817,Rashad Vaughn,ShowtimeMr1
818,Jan Vesely,JanVesely24
819,Noah Vonleh,NoahVonleh
820,Nikola Vucevic,NikolaVucevic
821,Sasha Vujacic,SashaVujacic
822,Dwyane Wade,DwyaneWade
823,Von Wafer,vonwafer13
824,Moritz Wagner,moritz_weasley
825,Dion Waiters,dionwaiters3
826,Antoine Walker,WalkerAntoine8
827,Kemba Walker,KembaWalker
828,Lonnie Walker,lonniewalker_4
829,Thomas Walkup,twalkup23
830,John Wall,JohnWall
831,Taurean Waller-Prince,taureanprince
832,Bill Walton,BillWalton
833,Derrick Walton,DerrickWalton10
834,Brad Wanamaker,phillybul_22
835,Jameel Warney,Fullcoursemeelz
836,T.J. Warren,tonywarrenjr
837,Hakim Warrick,hdubb21
838,C.J. Watson,quietstorm_32
839,Earl Watson,Earl_Watson
840,Maalik Wayns,MaalikWayns2
841,Travis Wear,traviswear
842,Kyle Weaver,kyleweaver5
843,Chris Webber,realchriswebber
844,Briante Weber,Sir_deuce2
845,Martell Webster,MartellWebster
846,Sonny Weems,Sonny13
847,Bonzi Wells,BonziWells
848,Thomas Welsh,tomwelsh40
849,Bill Wennington,34billy42
850,David West,D_West30
851,Delonte West,delontewest
852,Russell Westbrook,russwest44
853,Aaron White,Aaron_White30
854,Andrew White,AndrewWhite03
855,D.J. White,dj_white3
856,Derrick White,Dwhite921
857,Royce White,Highway_30
858,Hassan Whiteside,youngwhiteside
859,Andrew Wiggins,22wiggins
860,C.J. Wilcox,UCjwilcox23W
861,Jacob Wiley,Jwiley_24
862,Damien Wilkins,dwilkins3000
863,Dominique Wilkins,DWilkins21
864,Alan Williams,alantwilliams
865,Deron Williams,DeronWilliams
866,Elliot Williams,ewill901
867,JaCorey Williams,Bball_Fanatic_
868,Jay Williams,RealJayWilliams
869,Jerome Williams,JunkYardDogJW
870,Jordan Williams,Jwilliams20
871,Kenrich Williams,williamskenrich
872,Lou Williams,TeamLou23
873,Matt Williams,1mattwill2
874,Mo Williams,mowilliams
875,Reggie Williams,reggiew55
876,Shelden Williams,SheldenWilliams
877,T.J. Williams,gogettatjwill
878,Terrence Williams,TheRealTWill
879,Troy Williams,troywilliams_
880,Nigel Williams-Goss,NigelWG5
881,Derek Willis,derek_willis33
882,D.J. Wilson,Lanky_Smoove
883,Kyle Wiltjer,kwiltj
884,Justise Winslow,IAmJustise
885,Jeff Withey,JeffWithey
886,Nate Wolters,NateWolters
887,Metta World Peace,MettaWorldPeace
888,Brandan Wright,bwright34
889,Delon Wright,delonwright
890,Dorell Wright,DWRIGHTWAY1
891,Tony Wroten,TWroten_LOE
892,James Young,realjamesyoung
893,Nick Young,NickSwagyPYoung
894,Sam Young,SamYoung4
895,Thaddeus Young,yungsmoove21
896,Trae Young,TheTraeYoung
897,Cody Zeller,CodyZeller
898,Luke Zeller,LukeZeller40
899,Tyler Zeller,ZellerTyler
900,Ivica Zubac,ivicazubac
901,Alex Abrines,alexabrines
902,Arron Afflalo,NBA
903,Alexis Ajinca,AjincaAlexis42
904,DeVaughn Akoon-Purcell,FlyingWithClair
905,Kadeem Allen,AllenKadeem
906,Ryan Anderson,NBA
907,Ryan Arcidiacono,RyArch15
908,Darrell Arthur,DarrellArthur00
909,D.J. Augustin,NBA
910,Luke Babbitt,NBA
911,Marvin Bagley III,MB3FIVE
912,Wade Baldwin IV,The_Fourth_Wade
913,Mohamed Bamba,TheRealMoBamba
914,Keita Bates-Diop,KBD_33
915,Aron Baynes,aronbaynes
916,DeAndre' Bembry,fearthefro95
917,Joel Berry II,JoelBerryII
918,Khem Birch,Khem_Birch
919,Jabari Bird,Jabari_Bird
920,Bismack Biyombo,bismackbiyombo
921,Nemanja Bjelica,NemanjaBjelica
922,Tarik Black,TarikBlack25
923,Bojan Bogdanovic,44Bojan
924,Isaac Bonga,IsaacBonga99
925,Avery Bradley,NBA
926,Mikal Bridges,mikal_bridges
927,Malcolm Brogdon,NBA
928,Lorenzo Brown,Zo_Brown
929,Sterling Brown,NBA
930,Troy Brown Jr.,Troy_Brown33
931,Deonte Burton,DeonteBurton
932,Jose Calderon,JmCalderon
933,Jevon Carter,NBA
934,Wendell Carter Jr.,wendellcarter34
935,Alex Caruso,ACFresh21
936,Joe Chealey,joe_chealey
937,Pat Connaughton,PlanetPat5
938,Quinn Cook,QCook323
939,Markel Crawford,HumbleServant_1
940,Donte DiVincenzo,NBA
941,Cheick Diallo,cheick_diallo13
942,Gorgui Dieng,GorguiDieng
943,Yanyuhang Ding,OfficialDing8
944,Luka Doncic,luka7doncic
945,Vincent Edwards,IB4T_12
946,James Ennis III,JamesDa_Truth
947,Kay Felder,NBA
948,Cristiano Felicio,iamfelicio
949,Bryn Forbes,BrynjForbes
950,Melvin Frazier Jr.,melvinjrrr
951,Jonathan Gibson,jgib4free
952,Harry Giles III,HGiiizzle
953,Treveon Graham,TreBall21
954,Gerald Green,NBA
955,Devon Hall,NBA
956,Daniel Hamilton,NBA
957,Tim Hardaway Jr.,T_HardJR
958,Devin Harris,Dev34Harris
959,Aaron Harrison,AaronICE2
960,Shaquille Harrison,ShaqHarrison_3
961,Reggie Hearn,NBA
962,John Henson,Johnhenson31
963,Juancho Hernangomez,juanchohg14
964,Isaiah Hicks,IDHicks
965,Nene,NeneHilario42
966,Solomon Hill,solohill
967,Darrun Hilliard,NBA
968,Rodney Hood,rodneyhood
969,RJ Hunter,NBA
970,Ersan Ilyasova,NBA
971,Andre Ingram,NBA
972,Wes Iwundu,_Iwundu25
973,Aaron Jackson,NBA
974,Demetrius Jackson,D_Jay11
975,Jaren Jackson Jr.,jarenjacksonjr
976,Al Jefferson,NBA
977,Richard Jefferson,NBA
978,Brandon Jennings,brandonjennings
979,Wesley Johnson,NBA
980,Jalen Jones,JalenJones_21
981,Derrick Jones Jr.,TheRea1DJones
982,George King,2bkings
983,Maxi Kleber,MaxiKleber
984,Brandon Knight,Goodknight11
985,Furkan Korkmaz,FurkanKorkmaz
986,Luke Kornet,bigshin32
987,Jeremy Lamb,jlamb
988,Shane Larkin,ShaneLarkin_3
989,TJ Leaf,leafsquad22
990,Damion Lee,Dami0nLee
991,Marcus Lee,JustMarcusLee
992,Jon Leuer,JonLeuer30
993,Shaun Livingston,ShaunLivingston
994,Brook Lopez,NBA
995,Josh Magette,joshmagette
996,Boban Marjanovic,NBA
997,Erik McCree,NBA
998,Chris McCullough,briskuno
999,Rodney McGruder,RodneyMcGruder
1000,Alfonzo McKinnie,_Alvo_
1001,Chimezie Metu,Chimezie_Metu
1002,CJ Miles,masfresco
1003,Darius Miller,DmillerKY
1004,Malcolm Miller,MalcMili13
1005,Eric Moreland,EricMoreland15
1006,Johnathan Motley,moneymot5
1007,Timofey Mozgov,NBA
1008,Mike Muscala,mikemuscala
1009,Svi Mykhailiuk,sviat_10
1010,Abdel Nader,AbdelNader2
1011,Larry Nance Jr.,Larrydn22
1012,Raul Neto,RaulTogni
1013,Malik Newman,iammaliknewman
1014,Georges Niang,GeorgesNiang20
1015,Lucas Nogueira,Bebe92
1016,Elie Okobo,ElieOkobo_0
1017,Kelly Oubre Jr.,kellyoubrejr
1018,Marcus Paige,marcuspaige5
1019,Gary Payton II,NBA
1020,Mason Plumlee,masonplumlee
1021,Jakob Poeltl,NBA
1022,Michael Porter Jr.,mpjr
1023,Otto Porter Jr.,NBA
1024,Alex Poythress,AlexTheGreat22
1025,Billy Preston,nolimitbill
1026,Taurean Prince,taureanprince
1027,Zhou Qi,officialzhouqi
1028,JJ Redick,JJRedick
1029,Duncan Robinson,D_Bo20
1030,Jerome Robinson,Rome_Coldbucks1
1031,Mitchell Robinson,23savage____
1032,Glenn Robinson III,GRIII
1033,JaKarr Sampson,KarrSampson14
1034,Issuf Sanon,NBA
1035,Wayne Selden,WayneSeldenJr
1036,Ramon Sessions,NBA
1037,Xavier Silas,xaviersilas
1038,Kobi Simmons,JordanKobi
1039,JR Smith,TheRealJRSmith
1040,Dennis Smith Jr.,Dennis1SmithJr
1041,Tony Snell,TonySnell21_
1042,Ray Spalding,NBA
1043,Omari Spellman,NBA
1044,Milos Teodosic,MilosTeodosic4
1045,Jared Terrell,NBA
1046,Khyri Thomas,Khyri_2
1047,Lance Thomas,MrLance42
1048,Gary Trent Jr.,gtrentjr
1049,Allonzo Trier,ISO_ZO
1050,PJ Tucker,NBA
1051,Lonnie Walker IV,lonniewalker_4
1052,Tyrone Wallace,TyWallace661
1053,Derrick Walton Jr.,DerrickWalton10
1054,TJ Warren,TonyWarrenJr
1055,Yuta Watanabe,wacchi1013
1056,James Webb III,NBA
1057,Andrew White III,AndrewWhite03
1058,Isaiah Whitehead,isaiahwhitehead
1059,CJ Wilcox,UCjwilcox23W
1060,Isaiah Wilkins,isaiahwilkins21
1061,C.J. Williams,c_will21
1062,Johnathan Williams,iam_j3
1063,Marvin Williams,NBA
1064,Robert Williams III,rob_williamsIII
1065,Guerschon Yabusele,dtp_mario
1066,Joe Young,JoeyBuckets3
1067,Ante Zizic,ante_zizic
1068,Deng Adel,Foreverdeng
1069,Lavoy Allen,chefVOYardee
1070,Brandon Austin,NBA
1071,Jaylen Barford,Jbarford1
1072,Justin Bibbs,JustinBibbs10
1073,Jeffrey Carroll,J30Carroll
1074,Bonzie Colson,Bcolson_35
1075,Devin Davis,DevDavis15
1076,Marcus Derrickson,NBA
1077,Drew Eubanks,DrewEubanks12
1078,Kaiser Gates,Kaisergates
1079,Isaac Haas,theoriginalhaas
1080,Danuel House,DanuelHouseJr
1081,Nick Johnson,iamnjohn13
1082,Omari Johnson,Juice_Oj24
1083,Ismaila Kane,NBA
1084,Jairus Lyles,_jlyles
1085,Yante Maten,youngmoney__11
1086,Codi Miller-McIntyre,cmmpatience
1087,Kendrick Nunn,k_nunnbetter
1088,Cameron Oliver,spacecamm
1089,Chinanu Onuaku,lifeofnanu_32
1090,Levi Randolph,LeviRandolph20
1091,Jeff Roberson,j5robe
1092,Desi Rodriguez,desirodriguez6
1093,Jonathan Stark,jonathanstark02
1094,Elijah Stewart,lou_weezy_ana
1095,Isaiah Taylor,zay_ctmd11
1096,Tyler Ulis,tulis3
1097,Okaro White,owhite10
1098,Christian Wood,Chriswood_5
1099,Gary Clark,gary11_clark
1100,Tyler Davis,Tyler_D95
1101,Trevon Duval,DatGuy_Trey
1102,Walter Lemon Jr.,WaltLemon
1103,Jaylen Morris,jay_morris30
1104,DJ Stephens,DdotJAY30